date,dubai_price,cpi_index,base_rate,usd_krw,cpi_yoy,oil_mom,fx_mom,krw_oil_price,oil_lag_1,oil_lag_2,oil_lag_3,oil_lag_6,target_cpi_yoy,target_date
2005-01-01,38.32,73.594,3.25,1038.2333333333333,,,,39785.10133333333,,,,,,2005-02-01
2005-02-01,39.67,73.892,3.25,1022.4294117647058,,3.522964509394577,-1.5221936207622688,40559.77476470588,,,,,,2005-03-01
2005-03-01,46.08,74.338,3.25,1007.4909090909091,,16.158306024703805,-1.461079122128639,46425.18109090909,3.522964509394577,,,,,2005-04-01
2005-04-01,47.1,74.413,3.25,1010.9350000000001,,2.213541666666674,0.34184833610049203,47615.0385,16.158306024703805,3.522964509394577,,,,2005-05-01
2005-05-01,45.07,74.338,3.25,1002.2142857142857,,-4.309978768577494,-0.8626384768273376,45169.797857142854,2.213541666666674,16.158306024703805,3.522964509394577,,,2005-06-01
2005-06-01,51.1,74.114,3.25,1010.8714285714285,,13.379187929886838,0.8638015822108214,51655.53,-4.309978768577494,2.213541666666674,16.158306024703805,,,2005-07-01
2005-07-01,52.98,74.413,3.25,1037.442857142857,,3.679060665362033,2.628566583287406,54963.72257142857,13.379187929886838,-4.309978768577494,2.213541666666674,,,2005-08-01
2005-08-01,56.83,74.636,3.25,1021.1727272727272,,7.266893167232924,-1.5682916661972301,58033.24609090909,3.679060665362033,13.379187929886838,-4.309978768577494,3.522964509394577,,2005-09-01
2005-09-01,56.93,75.008,3.25,1029.3333333333333,,0.17596339961287732,0.7991406196678152,58599.94666666666,7.266893167232924,3.679060665362033,13.379187929886838,16.158306024703805,,2005-10-01
2005-10-01,53.58,74.859,3.5,1046.25,,-5.884419462497803,1.6434585492228093,56058.075,0.17596339961287732,7.266893167232924,3.679060665362033,2.213541666666674,,2005-11-01
2005-11-01,51.4,74.561,3.5,1041.4272727272726,,-4.06868234415827,-0.46095362224396474,53529.36181818181,-5.884419462497803,0.17596339961287732,7.266893167232924,-4.309978768577494,,2005-12-01
2005-12-01,53.24,74.785,3.75,1024.1545454545455,,3.57976653696499,-1.658562986111689,54525.988000000005,-4.06868234415827,-5.884419462497803,0.17596339961287732,13.379187929886838,2.2243661168030116,2006-01-01
2006-01-01,58.46,75.231,3.75,987.0285714285714,2.2243661168030116,9.804658151765588,-3.625036298549722,57701.690285714285,3.57976653696499,-4.06868234415827,-5.884419462497803,3.679060665362033,2.015103123477524,2006-02-01
2006-02-01,57.34,75.381,4.0,970.22,2.015103123477524,-1.9158398905234297,-1.7029467955768984,55632.414800000006,9.804658151765588,3.57976653696499,-4.06868234415827,7.266893167232924,2.0030132637413045,2006-03-01
2006-03-01,58.45,75.827,4.0,975.0909090909091,2.0030132637413045,1.9358214161144138,0.5020417112519882,56994.063636363644,-1.9158398905234297,9.804658151765588,3.57976653696499,0.17596339961287732,2.000994449894522,2006-04-01
2006-04-01,64.54,75.902,4.0,954.4350000000001,2.000994449894522,10.419161676646716,-2.1183572627260783,61599.23490000001,1.9358214161144138,-1.9158398905234297,9.804658151765588,-5.884419462497803,2.3029944308429195,2006-05-01
2006-05-01,65.3,76.05,4.0,941.4,2.3029944308429195,1.1775643012085446,-1.3657294629807248,61473.42,10.419161676646716,1.9358214161144138,-1.9158398905234297,-4.06868234415827,2.4124996626817996,2006-06-01
2006-06-01,65.16,75.902,4.25,955.1619047619048,2.4124996626817996,-0.21439509954058744,1.4618551903446741,62238.349714285716,1.1775643012085446,10.419161676646716,1.9358214161144138,3.57976653696499,2.4001182589063808,2006-07-01
2006-07-01,69.01,76.199,4.25,950.15,2.4001182589063808,5.908532842234515,-0.5247178239540573,65569.8515,-0.21439509954058744,1.1775643012085446,10.419161676646716,9.804658151765588,2.6917305321828566,2006-08-01
2006-08-01,68.75,76.645,4.5,960.7181818181817,2.6917305321828566,-0.3767569917403346,1.1122645706658663,66049.375,5.908532842234515,-0.21439509954058744,1.1775643012085446,-1.9158398905234297,2.4797354948805417,2006-09-01
2006-09-01,59.61,76.868,4.5,953.6761904761905,2.4797354948805417,-13.294545454545458,-0.7329924087274065,56848.637714285716,-0.3767569917403346,5.908532842234515,-0.21439509954058744,1.9358214161144138,2.186777808947493,2006-10-01
2006-10-01,56.34,76.496,4.5,954.2263157894737,2.186777808947493,-5.485656768998481,0.05768470669362813,53761.11063157895,-13.294545454545458,-0.3767569917403346,5.908532842234515,10.419161676646716,2.0976113517790607,2006-11-01
2006-11-01,56.83,76.125,4.5,936.2227272727273,2.0976113517790607,0.8697195598154073,-1.8867210240215648,53205.53759090909,-5.485656768998481,-13.294545454545458,-0.3767569917403346,1.1775643012085446,2.0899913084174715,2006-12-01
2006-12-01,58.41,76.348,4.5,925.75,2.0899913084174715,2.7802217138835017,-1.1186149371992915,54073.057499999995,0.8697195598154073,-5.485656768998481,-13.294545454545458,-0.21439509954058744,1.6814876845981042,2007-01-01
2007-01-01,51.84,76.496,4.5,936.3590909090909,1.6814876845981042,-11.248073959938354,1.1459995580978655,48540.855272727276,2.7802217138835017,0.8697195598154073,-5.485656768998481,5.908532842234515,2.1703081678406955,2007-02-01
2007-02-01,55.88,77.017,4.5,937.021052631579,2.1703081678406955,7.793209876543217,0.07069528441758788,52360.736421052636,-11.248073959938354,2.7802217138835017,0.8697195598154073,-0.3767569917403346,2.158861619212149,2007-03-01
2007-03-01,59.01,77.464,4.5,943.257142857143,2.158861619212149,5.601288475304211,0.6655229578940824,55661.60400000001,7.793209876543217,-11.248073959938354,2.7802217138835017,-13.294545454545458,2.4492108244841937,2007-04-01
2007-04-01,63.87,77.761,4.5,931.4952380952382,2.4492108244841937,8.235892221657348,-1.246945740191041,59494.60085714286,5.601288475304211,7.793209876543217,-11.248073959938354,-5.485656768998481,2.3484549638395746,2007-05-01
2007-05-01,64.48,77.836,4.5,927.9095238095238,2.3484549638395746,0.9550649757319674,-0.38494177308373567,59831.606095238094,8.235892221657348,5.601288475304211,7.793209876543217,0.8697195598154073,2.5480224500013193,2007-06-01
2007-06-01,66.21,77.836,4.5,928.32,2.5480224500013193,2.6830024813895514,0.04423666100452639,61464.0672,0.9550649757319674,8.235892221657348,5.601288475304211,2.7802217138835017,2.539403404244145,2007-07-01
2007-07-01,70.12,78.134,4.75,918.852380952381,2.539403404244145,5.905452348587836,-1.0198658918927683,64429.928952380964,2.6830024813895514,0.9550649757319674,8.235892221657348,-11.248073959938354,2.039271968164913,2007-08-01
2007-08-01,67.34,78.208,5.0,933.8,2.039271968164913,-3.964632059326867,1.6267704538269534,62882.092,5.905452348587836,2.6830024813895514,0.9550649757319674,7.793209876543217,2.3247645314044885,2007-09-01
2007-09-01,73.45,78.655,5.0,932.4058823529411,2.3247645314044885,9.073359073359066,-0.14929510034897842,68485.21205882353,-3.964632059326867,5.905452348587836,2.6830024813895514,5.601288475304211,3.015843965697562,2007-10-01
2007-10-01,77.94,78.803,5.0,915.8590909090909,3.015843965697562,6.113002042205573,-1.7746339611344086,71382.05754545455,9.073359073359066,-3.964632059326867,5.905452348587836,8.235892221657348,3.5178981937602494,2007-11-01
2007-11-01,86.47,78.803,5.0,916.9772727272727,3.5178981937602494,10.944316140620991,0.12209103226479279,79291.02477272728,6.113002042205573,9.073359073359066,-3.964632059326867,0.9550649757319674,3.6058573898464896,2007-12-01
2007-12-01,86.26,79.101,5.0,930.2368421052631,3.6058573898464896,-0.24285879495777873,1.4460085077740104,80242.23,10.944316140620991,6.113002042205573,9.073359073359066,2.6830024813895514,3.8903994980129752,2008-01-01
2008-01-01,87.22,79.472,5.0,942.3863636363636,3.8903994980129752,1.1129144447020511,1.3060675498085317,82194.93863636363,-0.24285879495777873,10.944316140620991,6.113002042205573,5.905452348587836,3.575833906799808,2008-02-01
2008-02-01,90.07,79.771,5.0,944.6944444444445,3.575833906799808,3.2675991745012567,0.24491874003511604,85088.62861111111,1.1129144447020511,-0.24285879495777873,10.944316140620991,-3.964632059326867,3.938603738510804,2008-03-01
2008-03-01,96.37,80.515,5.0,979.8571428571429,3.938603738510804,6.994559786832477,3.722123975586289,94428.83285714287,3.2675991745012567,1.1129144447020511,-0.24285879495777873,9.073359073359066,4.116459407672246,2008-04-01
2008-04-01,103.86,80.962,5.0,986.6571428571428,4.116459407672246,7.772128255681232,0.6939787140982645,102474.21085714285,6.994559786832477,3.2675991745012567,1.1129144447020511,6.113002042205573,4.874351199958893,2008-05-01
2008-05-01,119.32,81.63,5.0,1036.7315789473685,4.874351199958893,14.88542268438282,5.075160753939412,123702.81199999999,7.772128255681232,6.994559786832477,3.2675991745012567,10.944316140620991,5.5437072819774835,2008-06-01
2008-06-01,128.22,82.151,5.0,1029.2649999999999,5.5437072819774835,7.458933959101577,-0.7202036765340591,131972.3583,14.88542268438282,7.772128255681232,6.994559786832477,-0.24285879495777873,5.903959863823682,2008-07-01
2008-07-01,130.08,82.747,5.0,1019.1173913043478,5.903959863823682,1.4506317267197089,-0.985908264213009,132566.79026086957,7.458933959101577,14.88542268438282,7.772128255681232,1.1129144447020511,5.6132364975450155,2008-08-01
2008-08-01,112.62,82.598,5.25,1041.54,5.6132364975450155,-13.422509225092261,2.200198808005216,117298.2348,1.4506317267197089,7.458933959101577,14.88542268438282,3.2675991745012567,5.1083847180726005,2008-09-01
2008-09-01,96.28,82.673,5.25,1130.4,5.1083847180726005,-14.508968211685314,8.531597442248984,108834.91200000001,-13.422509225092261,1.4506317267197089,7.458933959101577,6.994559786832477,4.81580650482849,2008-10-01
2008-10-01,67.54,82.598,4.25,1326.9227272727273,4.81580650482849,-29.8504362276693,17.385237727594415,89620.36100000002,-14.508968211685314,-13.422509225092261,1.4506317267197089,7.772128255681232,4.532822354478894,2008-11-01
2008-11-01,49.9,82.375,4.0,1390.09,4.532822354478894,-26.11785608528281,4.76043340195873,69365.491,-29.8504362276693,-14.508968211685314,-13.422509225092261,14.88542268438282,4.139012149024657,2008-12-01
2008-12-01,39.42,82.375,3.0,1373.840909090909,4.139012149024657,-21.00200400801603,-1.1689236602731468,54156.80863636363,-26.11785608528281,-29.8504362276693,-14.508968211685314,7.458933959101577,3.7472317294141355,2009-01-01
2009-01-01,43.75,82.45,2.5,1346.1000000000001,3.7472317294141355,10.984271943176038,-2.0192228159274572,58891.87500000001,-21.00200400801603,-26.11785608528281,-29.8504362276693,1.4506317267197089,4.104248411076705,2009-02-01
2009-02-01,42.13,83.045,2.0,1429.46,4.104248411076705,-3.702857142857141,6.192704851051167,60223.14980000001,10.984271943176038,-21.00200400801603,-26.11785608528281,-13.422509225092261,3.881264360678127,2009-03-01
2009-03-01,44.74,83.64,2.0,1461.9772727272727,3.881264360678127,6.195110372656054,2.274794168936012,65408.86318181818,-3.702857142857141,10.984271943176038,-21.00200400801603,-14.508968211685314,3.5819273239297234,2009-04-01
2009-04-01,48.85,83.862,2.0,1341.8954545454546,3.5819273239297234,9.186410371032627,-8.213658339422015,65551.59295454546,6.195110372656054,-3.702857142857141,10.984271943176038,-29.8504362276693,2.7342888643880903,2009-05-01
2009-05-01,57.33,83.862,2.0,1258.7105263157894,2.7342888643880903,17.359263050153515,-6.199061778463422,72161.8744736842,9.186410371032627,6.195110372656054,-3.702857142857141,-26.11785608528281,1.992672030772602,2009-06-01
2009-06-01,67.85,83.788,2.0,1261.3500000000001,1.992672030772602,18.349904064189772,0.20969664025425327,85582.5975,17.359263050153515,9.186410371032627,6.195110372656054,-21.00200400801603,1.6181855535548184,2009-07-01
2009-07-01,65.52,84.086,2.0,1263.9652173913043,1.6181855535548184,-3.4340456890198934,0.20733479139845024,82815.00104347826,18.349904064189772,17.359263050153515,9.186410371032627,10.984271943176038,2.1622799583524976,2009-08-01
2009-08-01,71.76,84.384,2.0,1238.395238095238,2.1622799583524976,9.523809523809534,-2.0229970686092225,88867.24228571428,-3.4340456890198934,18.349904064189772,17.359263050153515,-3.702857142857141,2.160318362706093,2009-09-01
2009-09-01,67.55,84.459,2.0,1219.1545454545455,2.160318362706093,-5.866778149386853,-1.5536794755676264,82353.88954545454,9.523809523809534,-3.4340456890198934,18.349904064189772,6.195110372656054,1.981888181311886,2009-10-01
2009-10-01,73.22,84.235,2.0,1175.247619047619,1.981888181311886,8.393782383419701,-3.6014241648548606,86051.63066666666,-5.866778149386853,9.523809523809534,-3.4340456890198934,9.186410371032627,2.4388467374810263,2009-11-01
2009-11-01,77.11,84.384,2.0,1164.2333333333333,2.4388467374810263,5.312756077574443,-0.9371885154901505,89774.03233333334,8.393782383419701,-5.866778149386853,9.523809523809534,17.359263050153515,2.800606980273135,2009-12-01
2009-12-01,74.66,84.682,2.0,1166.4545454545455,2.800606980273135,-3.1772792115160153,0.1907875386845781,87087.49636363637,5.312756077574443,8.393782383419701,-5.866778149386853,18.349904064189772,3.518496058217102,2010-01-01
2010-01-01,76.27,85.351,2.0,1138.8200000000002,3.518496058217102,2.15644253951246,-2.3691060712337175,86857.80140000001,-3.1772792115160153,5.312756077574443,8.393782383419701,-3.4340456890198934,2.98392437834909,2010-02-01
2010-02-01,73.73,85.523,2.0,1157.0842105263157,2.98392437834909,-3.3302740264848474,1.6037837872811878,85311.81884210526,2.15644253951246,-3.1772792115160153,5.312756077574443,9.523809523809534,2.458153993304646,2010-03-01
2010-03-01,78.16,85.696,2.0,1137.640909090909,2.458153993304646,6.008409060084086,-1.6803704742079817,88918.01345454543,-3.3302740264848474,2.15644253951246,-3.1772792115160153,-5.866778149386853,2.5983162815101046,2010-04-01
2010-04-01,83.28,86.041,2.0,1117.109090909091,2.5983162815101046,6.550665301944725,-1.804771436904895,93032.8450909091,6.008409060084086,-3.3302740264848474,2.15644253951246,8.393782383419701,2.7020581431399293,2010-05-01
2010-05-01,76.13,86.128,2.0,1163.1052631578948,2.7020581431399293,-8.585494716618648,4.117428872714002,88547.20368421053,6.550665301944725,6.008409060084086,-3.3302740264848474,5.312756077574443,2.6889292022723943,2010-06-01
2010-06-01,74.24,86.041,2.0,1212.3333333333333,2.6889292022723943,-2.482595560225931,4.232469040831388,90003.62666666665,-8.585494716618648,6.550665301944725,6.008409060084086,-3.1772792115160153,2.530742335228209,2010-07-01
2010-07-01,73.09,86.214,2.25,1207.3045454545454,2.530742335228209,-1.549030172413779,-0.4148024095783187,88241.88922727272,-2.482595560225931,-8.585494716618648,6.550665301944725,2.15644253951246,2.681788016685638,2010-08-01
2010-08-01,74.54,86.647,2.25,1179.9227272727273,2.681788016685638,1.9838555205910602,-2.2680125147303998,87951.4400909091,-1.549030172413779,-2.482595560225931,-8.585494716618648,-3.3302740264848474,3.407570537183724,2010-09-01
2010-09-01,75.81,87.337,2.25,1167.0105263157895,3.407570537183724,1.7037832036490341,-1.0943259807176586,88471.06800000001,1.9838555205910602,-1.549030172413779,-2.482595560225931,6.008409060084086,3.682554757523593,2010-10-01
2010-10-01,80.44,87.337,2.25,1123.4476190476191,3.682554757523593,6.107373697401397,-3.732863267797326,90370.12647619047,1.7037832036490341,1.9838555205910602,-1.549030172413779,6.550665301944725,2.988718240424726,2010-11-01
2010-11-01,83.46,86.906,2.5,1126.2045454545455,2.988718240424726,3.7543510691198323,0.24539874936613248,93993.03136363636,6.107373697401397,1.7037832036490341,1.9838555205910602,-8.585494716618648,3.033702557804485,2010-12-01
2010-12-01,89.23,87.251,2.5,1147.5521739130436,3.033702557804485,6.913491492930768,1.895537408782344,102396.08047826089,3.7543510691198323,6.107373697401397,1.7037832036490341,-2.482595560225931,3.44108446298228,2011-01-01
2011-01-01,92.7,88.288,2.75,1120.0714285714287,3.44108446298228,3.8888266278157557,-2.394727313173761,103830.62142857144,6.913491492930768,3.7543510691198323,6.107373697401397,-1.549030172413779,3.939291184827476,2011-02-01
2011-02-01,99.66,88.892,2.75,1118.1411764705883,3.939291184827476,7.508090614886731,-0.17233294695341295,111433.94964705883,3.8888266278157557,6.913491492930768,3.7543510691198323,1.9838555205910602,4.133215085885,2011-03-01
2011-03-01,108.04,89.238,3.0,1122.4454545454546,4.133215085885,8.408589203291195,0.3849494290562472,121269.00690909092,7.508090614886731,3.8888266278157557,6.913491492930768,1.7037832036490341,3.816785021094593,2011-04-01
2011-04-01,115.82,89.325,3.0,1086.838095238095,3.816785021094593,7.201036653091442,-3.1723019736205393,125877.58819047616,8.408589203291195,7.508090614886731,3.8888266278157557,6.107373697401397,3.911619914545783,2011-05-01
2011-05-01,108.23,89.497,3.0,1083.535,3.911619914545783,-6.553272319115866,-0.3039178744807747,117270.99305000002,7.201036653091442,8.408589203291195,7.508090614886731,3.7543510691198323,4.217756650898985,2011-06-01
2011-06-01,107.43,89.67,3.25,1081.2714285714287,4.217756650898985,-0.7391665896701483,-0.2089061662587155,116160.9895714286,-6.553272319115866,7.201036653091442,8.408589203291195,6.913491492930768,4.509708400027845,2011-07-01
2011-07-01,110.95,90.102,3.25,1059.5,4.509708400027845,3.276552173508329,-2.0135026225739705,117551.52500000001,-0.7391665896701483,-6.553272319115866,7.201036653091442,3.8888266278157557,4.68567867323737,2011-08-01
2011-08-01,104.91,90.707,3.25,1073.168181818182,4.68567867323737,-5.443893645786391,1.2900596336179238,112586.07395454546,3.276552173508329,-0.7391665896701483,-6.553272319115866,7.508090614886731,3.759002484628504,2011-09-01
2011-09-01,104.7,90.62,3.25,1118.6100000000001,3.759002484628504,-0.20017157563625432,4.2343613006518455,117118.46700000002,-5.443893645786391,3.276552173508329,-0.7391665896701483,8.408589203291195,3.5620641881447535,2011-10-01
2011-10-01,103.62,90.448,3.25,1155.4450000000002,3.5620641881447535,-1.0315186246418362,3.2929260421415973,119727.21090000002,-0.20017157563625432,-5.443893645786391,3.276552173508329,7.201036653091442,4.174625457390735,2011-11-01
2011-11-01,106.8,90.534,3.25,1132.3136363636365,4.174625457390735,3.0689056166763207,-2.0019441545347183,120931.09636363637,-1.0315186246418362,-0.20017157563625432,-5.443893645786391,-6.553272319115866,4.158118531592758,2011-12-01
2011-12-01,104.39,90.879,3.25,1147.4545454545455,4.158118531592758,-2.2565543071160987,1.3371656584065583,119782.78,3.0689056166763207,-1.0315186246418362,-0.20017157563625432,-0.7391665896701483,3.345868068140634,2012-01-01
2012-01-01,108.6,91.242,3.25,1145.85,3.345868068140634,4.032953348021828,-0.13983520836635677,124439.30999999998,-2.2565543071160987,3.0689056166763207,-1.0315186246418362,3.276552173508329,3.032893848715301,2012-02-01
2012-02-01,116.68,91.588,3.25,1123.347619047619,3.032893848715301,7.440147329650104,-1.963815591253737,131072.2001904762,4.032953348021828,-2.2565543071160987,3.0689056166763207,-5.443893645786391,2.6625428629059478,2012-03-01
2012-03-01,122.6,91.614,3.25,1125.904761904762,2.6625428629059478,5.073705862187161,0.22763593510892743,138035.9238095238,7.440147329650104,4.032953348021828,-2.2565543071160987,-0.20017157563625432,2.55247691015954,2012-04-01
2012-04-01,117.5,91.605,3.25,1135.55,2.55247691015954,-4.159869494290369,0.856665538825907,133427.125,5.073705862187161,7.440147329650104,4.032953348021828,-1.0315186246418362,2.5386325798630205,2012-05-01
2012-05-01,107.65,91.769,3.25,1154.2666666666667,2.5386325798630205,-8.382978723404255,1.6482468113836246,124256.80666666667,-4.159869494290369,5.073705862187161,7.440147329650104,3.0689056166763207,2.195829151332651,2012-06-01
2012-06-01,94.44,91.639,3.25,1165.5049999999999,2.195829151332651,-12.271249419414776,0.9736340533672116,110070.29219999998,-8.382978723404255,-4.159869494290369,5.073705862187161,-2.2565543071160987,1.4761048589376546,2012-07-01
2012-07-01,99.96,91.432,3.0,1143.3636363636363,1.4761048589376546,5.844980940279543,-1.8997227499121472,114290.62909090907,-12.271249419414776,-8.382978723404255,-4.159869494290369,4.032953348021828,1.2656134587187395,2012-08-01
2012-08-01,108.95,91.855,3.0,1131.6909090909091,1.2656134587187395,8.993597438975609,-1.0209111870875254,123297.72454545455,5.844980940279543,-12.271249419414776,-8.382978723404255,7.440147329650104,2.087839329066421,2012-09-01
2012-09-01,110.85,92.512,3.0,1124.775,2.087839329066421,1.7439192290041206,-0.6111128962292933,124681.30875,8.993597438975609,5.844980940279543,-12.271249419414776,5.073705862187161,2.0907040509464014,2012-10-01
2012-10-01,108.43,92.339,2.75,1106.9285714285713,2.0907040509464014,-2.1831303563373816,-1.5866665396571555,120024.265,1.7439192290041206,8.993597438975609,5.844980940279543,-4.159869494290369,1.6314312854838864,2012-11-01
2012-11-01,107.11,92.011,2.75,1087.5181818181818,1.6314312854838864,-1.217375265148024,-1.7535358749787289,116484.07245454546,-2.1831303563373816,1.7439192290041206,8.993597438975609,-8.382978723404255,1.4260720298418628,2012-12-01
2012-12-01,106.4,92.175,2.75,1076.9736842105262,1.4260720298418628,-0.662869946783673,-0.9695927648792568,114590.0,-1.217375265148024,-2.1831303563373816,1.7439192290041206,-12.271249419414776,1.6286359352052582,2013-01-01
2013-01-01,108.19,92.728,2.75,1065.3545454545454,1.6286359352052582,1.6823308270676574,-1.078869328594434,115260.70827272726,-0.662869946783673,-1.217375265148024,-2.1831303563373816,5.844980940279543,1.5831768353932851,2013-02-01
2013-02-01,111.12,93.038,2.75,1086.6789473684212,1.5831768353932851,2.7081985396062436,2.00162490551703,120751.76463157896,1.6823308270676574,-0.662869946783673,-1.217375265148024,8.993597438975609,1.4604754731809555,2013-03-01
2013-03-01,105.7,92.952,2.75,1102.1950000000002,1.4604754731809555,-4.877609791216708,1.4278414677263873,116502.01150000002,2.7081985396062436,1.6823308270676574,-0.662869946783673,1.7439192290041206,1.3296217455379011,2013-04-01
2013-04-01,101.5,92.823,2.75,1121.831818181818,1.3296217455379011,-3.9735099337748325,1.7816101671499052,113865.92954545454,-4.877609791216708,2.7081985396062436,1.6823308270676574,-2.1831303563373816,1.1485359979949594,2013-05-01
2013-05-01,100.52,92.823,2.5,1110.6666666666667,1.1485359979949594,-0.96551724137931,-0.9952607275168002,111644.21333333333,-3.9735099337748325,-4.877609791216708,2.7081985396062436,-1.217375265148024,1.1687163762153618,2013-06-01
2013-06-01,100.39,92.71,2.5,1135.2105263157894,1.1687163762153618,-0.12932749701551893,2.2098313009414117,113963.78473684209,-0.96551724137931,-3.9735099337748325,-4.877609791216708,-0.662869946783673,1.6154081721935443,2013-07-01
2013-07-01,103.83,92.909,2.5,1127.2304347826087,1.6154081721935443,3.4266361191353623,-0.7029613757264297,117040.33604347825,-0.12932749701551893,-0.96551724137931,-3.9735099337748325,1.6823308270676574,1.5056338794839697,2013-08-01
2013-08-01,107.07,93.238,2.5,1116.9761904761904,1.5056338794839697,3.120485408841378,-0.9096848337310837,119594.64071428569,3.4266361191353623,-0.12932749701551893,-0.96551724137931,2.7081985396062436,0.980413351781384,2013-09-01
2013-09-01,108.07,93.419,2.5,1087.35,0.980413351781384,0.9339684318669939,-2.6523564896723695,117509.91449999998,3.120485408841378,3.4266361191353623,-0.12932749701551893,-4.877609791216708,0.8609579917477905,2013-10-01
2013-10-01,106.87,93.134,2.5,1066.7952380952381,0.8609579917477905,-1.1103914129730663,-1.8903537871671316,114008.4070952381,0.9339684318669939,3.120485408841378,3.4266361191353623,-3.9735099337748325,1.2009433654671664,2013-11-01
2013-11-01,106.06,93.116,2.5,1062.8238095238096,1.2009433654671664,-0.7579301955647044,-0.37227655595084563,112723.09323809524,-1.1103914129730663,0.9339684318669939,3.120485408841378,-0.96551724137931,1.1434770816382,2013-12-01
2013-12-01,107.93,93.229,2.5,1056.6666666666667,1.1434770816382,1.7631529323024697,-0.5793192438830919,114046.03333333335,-0.7579301955647044,-1.1103914129730663,0.9339684318669939,-0.12932749701551893,1.080579760158762,2014-01-01
2014-01-01,103.77,93.73,2.5,1064.75,1.080579760158762,-3.8543500416936993,0.7649842271293394,110489.1075,1.7631529323024697,-0.7579301955647044,-1.1103914129730663,3.4266361191353623,1.0124895204110196,2014-02-01
2014-02-01,105.26,93.98,2.5,1071.3,1.0124895204110196,1.4358677845234702,0.6151678797839732,112765.038,-3.8543500416936993,1.7631529323024697,-0.7579301955647044,3.120485408841378,1.2920647215767467,2014-03-01
2014-03-01,104.34,94.153,2.5,1070.8857142857141,1.2920647215767467,-0.8740262207866278,-0.038671307223547835,111736.21542857142,1.4358677845234702,-3.8543500416936993,1.7631529323024697,0.9339684318669939,1.4985510056774842,2014-04-01
2014-04-01,104.82,94.214,2.5,1044.5545454545454,1.4985510056774842,0.46003450258769174,-2.4588215604997354,109490.20745454544,-0.8740262207866278,1.4358677845234702,-3.8543500416936993,-1.1103914129730663,1.6655354815078294,2014-05-01
2014-05-01,105.53,94.369,2.5,1024.9894736842105,1.6655354815078294,0.677351650448399,-1.8730541028684211,108167.13915789474,0.46003450258769174,-0.8740262207866278,1.4358677845234702,-0.7579301955647044,1.6589364685578811,2014-06-01
2014-06-01,108.17,94.248,2.5,1019.357894736842,1.6589364685578811,2.501658296219089,-0.5494279787212175,110263.94347368421,0.677351650448399,0.46003450258769174,-0.8740262207866278,1.7631529323024697,1.5897275829036994,2014-07-01
2014-07-01,105.96,94.386,2.5,1019.9260869565217,1.5897275829036994,-2.0430803365073524,0.055740208872001595,108071.36817391303,2.501658296219089,0.677351650448399,0.46003450258769174,-3.8543500416936993,1.4082241146313734,2014-08-01
2014-08-01,101.61,94.551,2.25,1025.3600000000001,1.4082241146313734,-4.105322763306907,0.5327751797871372,104186.82960000001,-2.0430803365073524,2.501658296219089,0.677351650448399,1.4358677845234702,1.146447724766908,2014-09-01
2014-09-01,96.38,94.49,2.25,1033.2421052631578,1.146447724766908,-5.147131187875209,0.7687158913120884,99583.87410526314,-4.105322763306907,-2.0430803365073524,2.501658296219089,-0.8740262207866278,1.1499559774089008,2014-10-01
2014-10-01,86.38,94.205,2.0,1060.2809523809524,1.1499559774089008,-10.375596596804314,2.616893657359043,91587.06866666666,-5.147131187875209,-4.105322763306907,-2.0430803365073524,0.46003450258769174,0.9654624339533457,2014-11-01
2014-11-01,76.12,94.015,2.0,1095.1,0.9654624339533457,-11.877749479046063,3.2839454053058548,83359.012,-10.375596596804314,-5.147131187875209,-4.105322763306907,0.677351650448399,0.8334316575314471,2014-12-01
2014-12-01,59.83,94.006,2.0,1104.3272727272727,0.8334316575314471,-21.400420388859697,0.8425963589875574,66071.90072727272,-11.877749479046063,-10.375596596804314,-5.147131187875209,2.501658296219089,0.9740744692200876,2015-01-01
2015-01-01,46.49,94.643,2.0,1088.8619047619047,0.9740744692200876,-22.296506769179338,-1.4004333993467566,50621.189952380955,-21.400420388859697,-11.877749479046063,-10.375596596804314,-2.0430803365073524,0.6458821025750128,2015-02-01
2015-02-01,55.92,94.587,2.0,1098.3999999999999,0.6458821025750128,20.283932028393203,0.8759692295581489,61422.52799999999,-22.296506769179338,-21.400420388859697,-11.877749479046063,-4.105322763306907,0.47051076439412753,2015-03-01
2015-03-01,54.32,94.596,1.75,1112.5681818181818,0.47051076439412753,-2.8612303290414864,1.2898927365424084,60434.703636363636,20.283932028393203,-22.296506769179338,-21.400420388859697,-5.147131187875209,0.43624089838028013,2015-04-01
2015-04-01,58.43,94.625,1.75,1088.6636363636362,0.43624089838028013,7.566273932253309,-2.148591506138553,63610.61627272726,-2.8612303290414864,20.283932028393203,-22.296506769179338,-10.375596596804314,0.5520880797719618,2015-05-01
2015-05-01,63.18,94.89,1.75,1091.2722222222224,0.5520880797719618,8.129385589594396,0.239613574978903,68946.57900000001,7.566273932253309,-2.8612303290414864,20.283932028393203,-11.877749479046063,0.7013411425176086,2015-06-01
2015-06-01,61.8,94.909,1.5,1112.1954545454546,0.7013411425176086,-2.1842355175688555,1.9173247423658335,68733.67909090909,8.129385589594396,7.566273932253309,-2.8612303290414864,-21.400420388859697,0.7352785370711823,2015-07-01
2015-07-01,55.99,95.08,1.5,1143.2217391304348,0.7352785370711823,-9.401294498381873,2.789643174513823,64008.985173913046,-2.1842355175688555,8.129385589594396,7.566273932253309,-22.296506769179338,0.7001512411291211,2015-08-01
2015-08-01,47.98,95.213,1.5,1179.1,0.7001512411291211,-14.306126093945359,3.1383466252885572,56573.21799999999,-9.401294498381873,-2.1842355175688555,8.129385589594396,20.283932028393203,0.5037570113239465,2015-09-01
2015-09-01,45.19,94.966,1.5,1184.7549999999999,0.5037570113239465,-5.814922884535223,0.47960308710033317,53539.07844999999,-14.306126093945359,-9.401294498381873,-2.1842355175688555,-2.8612303290414864,0.8078127487925135,2015-10-01
2015-10-01,45.86,94.966,1.5,1148.1809523809522,0.8078127487925135,1.4826289001991677,-3.087055772632119,52655.57847619047,-5.814922884535223,-14.306126093945359,-9.401294498381873,7.566273932253309,0.8200819018241878,2015-11-01
2015-11-01,41.6,94.786,1.5,1151.9666666666667,0.8200819018241878,-9.289140863497602,0.32971408190181073,47921.81333333334,1.4826289001991677,-5.814922884535223,-14.306126093945359,8.129385589594396,1.1318426483415855,2015-12-01
2015-12-01,34.14,95.07,1.5,1172.2363636363636,1.1318426483415855,-17.93269230769231,1.7595732199742642,40020.149454545455,-9.289140863497602,1.4826289001991677,-5.814922884535223,-2.1842355175688555,0.6223386832623579,2016-01-01
2016-01-01,27.46,95.232,1.5,1201.665,0.6223386832623579,-19.56649091974224,2.5104694988599796,32997.7209,-17.93269230769231,-9.289140863497602,1.4826289001991677,-9.401294498381873,1.1132608075105521,2016-02-01
2016-02-01,29.67,95.64,1.5,1217.35,1.1132608075105521,8.04806991988347,1.305272268061386,36118.7745,-19.56649091974224,-17.93269230769231,-9.289140863497602,-14.306126093945359,0.8425303395492412,2016-03-01
2016-03-01,35.45,95.393,1.5,1188.2136363636364,0.8425303395492412,19.480957195820704,-2.3934253613474787,42122.173409090916,8.04806991988347,-19.56649091974224,-17.93269230769231,-5.814922884535223,1.0018494055482163,2016-04-01
2016-04-01,39.32,95.573,1.5,1147.51,1.0018494055482163,10.916784203102958,-3.4256159934508257,45120.0932,19.480957195820704,8.04806991988347,-19.56649091974224,1.4826289001991677,0.7798503530403567,2016-05-01
2016-05-01,44.35,95.63,1.5,1171.51,0.7798503530403567,12.79247202441507,2.091485041524699,51956.4685,10.916784203102958,19.480957195820704,8.04806991988347,-9.289140863497602,0.7396558808964393,2016-06-01
2016-06-01,46.32,95.611,1.25,1170.5047619047618,0.7396558808964393,4.441939120631333,-0.08580704349413493,54217.78057142857,12.79247202441507,10.916784203102958,19.480957195820704,-17.93269230769231,0.3691628102650446,2016-07-01
2016-07-01,42.44,95.431,1.25,1144.0904761904762,0.3691628102650446,-8.376511226252159,-2.2566576893973234,48555.19980952381,4.441939120631333,12.79247202441507,10.916784203102958,-19.56649091974224,0.4873284110363141,2016-08-01
2016-08-01,43.97,95.677,1.25,1111.6772727272728,0.4873284110363141,3.6050895381715353,-2.8330979181935834,48880.44968181819,-8.376511226252159,4.441939120631333,12.79247202441507,8.04806991988347,1.3489038182086244,2016-09-01
2016-09-01,43.68,96.247,1.25,1107.4894736842105,1.3489038182086244,-0.659540595860808,-0.37670996302626714,48375.14021052631,3.6050895381715353,-8.376511226252159,4.441939120631333,19.480957195820704,1.4879009329654913,2016-10-01
2016-10-01,48.8,96.379,1.25,1125.275,1.4879009329654913,11.721611721611724,1.6059318610608386,54913.42,-0.659540595860808,3.6050895381715353,-8.376511226252159,10.916784203102958,1.5308167872892575,2016-11-01
2016-11-01,44.04,96.237,1.25,1161.6363636363637,1.5308167872892575,-9.754098360655739,3.2313313311291614,51158.46545454546,11.721611721611724,-0.659540595860808,3.6050895381715353,12.79247202441507,1.3379615020511215,2016-12-01
2016-12-01,52.14,96.342,1.25,1182.2772727272727,1.3379615020511215,18.392370572207085,1.7768821411801472,61643.937,-9.754098360655739,11.721611721611724,-0.659540595860808,4.441939120631333,2.2408434139784994,2017-01-01
2017-01-01,53.57,97.366,1.25,1185.095,2.2408434139784994,2.742616033755274,0.23833049469244028,63485.539150000004,18.392370572207085,-9.754098360655739,11.721611721611724,-8.376511226252159,2.0828105395232166,2017-02-01
2017-02-01,54.3,97.632,1.25,1144.92,2.0828105395232166,1.3627030054134792,-3.390023584607138,62169.156,2.742616033755274,18.392370572207085,-9.754098360655739,3.6050895381715353,2.27689662763515,2017-03-01
2017-03-01,51.02,97.565,1.25,1134.7681818181818,2.27689662763515,-6.040515653775314,-0.8866836269624367,57895.87263636364,1.3627030054134792,2.742616033755274,18.392370572207085,-0.659540595860808,1.9555732267481307,2017-04-01
2017-04-01,52.55,97.442,1.25,1132.725,1.9555732267481307,2.9988239905919034,-0.1800527941229535,59524.69874999999,-6.040515653775314,1.3627030054134792,2.742616033755274,11.721611721611724,2.0035553696538866,2017-05-01
2017-05-01,50.13,97.546,1.25,1125.278947368421,2.0035553696538866,-4.605137963843953,-0.6573574902627555,56410.23363157895,2.9988239905919034,-6.040515653775314,1.3627030054134792,-9.754098360655739,1.806277520368993,2017-06-01
2017-06-01,46.36,97.338,1.25,1130.0380952380951,1.806277520368993,-7.520446838220629,0.42293049921566794,52388.56609523809,-4.605137963843953,2.9988239905919034,-6.040515653775314,18.392370572207085,2.167010719787066,2017-07-01
2017-07-01,47.79,97.499,1.25,1134.404761904762,2.167010719787066,3.0845556514236483,0.38641765132234607,54213.203571428574,-7.520446838220629,-4.605137963843953,2.9988239905919034,2.742616033755274,2.4885813727437034,2017-08-01
2017-08-01,50.27,98.058,1.25,1130.7863636363636,2.4885813727437034,5.189370161121576,-0.3189688892280995,56844.6305,3.0845556514236483,-7.520446838220629,-4.605137963843953,1.3627030054134792,2.0000623396053907,2017-09-01
2017-09-01,53.92,98.172,1.25,1131.5904761904762,2.0000623396053907,7.260791724686699,0.07111091714324669,61015.35847619048,5.189370161121576,3.0845556514236483,-7.520446838220629,-6.040515653775314,1.76179458180723,2017-10-01
2017-10-01,55.77,98.077,1.25,1131.56875,1.76179458180723,3.4310089020771484,-0.0019199693646609894,63107.5891875,7.260791724686699,5.189370161121576,3.0845556514236483,2.9988239905919034,1.1534025374855927,2017-11-01
2017-11-01,60.59,97.347,1.5,1105.040909090909,1.1534025374855927,8.642639411870178,-2.3443419508616614,66954.42868181819,3.4310089020771484,7.260791724686699,5.189370161121576,-4.605137963843953,1.4074858317244754,2017-12-01
2017-12-01,61.38,97.698,1.5,1085.775,1.4074858317244754,1.303845519062552,-1.7434566387916406,66644.86950000002,8.642639411870178,3.4310089020771484,7.260791724686699,-7.520446838220629,0.7600188977671785,2018-01-01
2018-01-01,66.02,98.106,1.5,1066.7,0.7600188977671785,7.5594656239817315,-1.7568096520918286,70423.534,1.303845519062552,8.642639411870178,3.4310089020771484,3.0845556514236483,1.2526630612913703,2018-02-01
2018-02-01,62.63,98.855,1.5,1079.5833333333333,1.2526630612913703,-5.134807634050276,1.2077747570388375,67614.30416666667,7.5594656239817315,1.303845519062552,8.642639411870178,5.189370161121576,1.2155998565059223,2018-03-01
2018-03-01,63.92,98.751,1.5,1071.8857142857141,1.2155998565059223,2.059715791154404,-0.7130175883553025,68514.93485714284,-5.134807634050276,7.5594656239817315,1.303845519062552,7.260791724686699,1.528088503930558,2018-04-01
2018-04-01,68.67,98.931,1.5,1067.757142857143,1.528088503930558,7.431163954943676,-0.3851689945622905,73322.88300000002,2.059715791154404,-5.134807634050276,7.5594656239817315,3.4310089020771484,1.469050499251634,2018-05-01
2018-05-01,74.08,98.979,1.5,1076.3899999999999,1.469050499251634,7.878258336973931,0.8085038063764927,79738.97119999999,7.431163954943676,2.059715791154404,-5.134807634050276,8.642639411870178,1.4804084735663414,2018-06-01
2018-06-01,73.31,98.779,1.5,1092.8,1.4804084735663414,-1.0394168466522635,1.5245403617647924,80113.168,7.878258336973931,7.431163954943676,2.059715791154404,1.303845519062552,1.118985835752162,2018-07-01
2018-07-01,72.77,98.59,1.5,1122.8,1.118985835752162,-0.7365980084572454,2.74524158125915,81706.15599999999,-1.0394168466522635,7.878258336973931,7.431163954943676,7.5594656239817315,1.4318056660343803,2018-08-01
2018-08-01,72.59,99.462,1.5,1121.1499999999999,1.4318056660343803,-0.2473546791259995,-0.14695404346277696,81384.2785,-0.7365980084572454,-1.0394168466522635,7.878258336973931,-5.134807634050276,2.0871531597604243,2018-09-01
2018-09-01,76.93,100.221,1.5,1120.6000000000001,2.0871531597604243,5.978784956605598,-0.04905677206437087,86207.75800000002,-0.2473546791259995,-0.7365980084572454,-1.0394168466522635,2.059715791154404,2.002508233326883,2018-10-01
2018-10-01,78.76,100.041,1.5,1130.8142857142857,2.002508233326883,2.3787859092681662,0.9115014915478836,89062.93314285715,5.978784956605598,-0.2473546791259995,-0.7365980084572454,7.431163954943676,2.037042743998274,2018-11-01
2018-11-01,64.69,99.33,1.75,1128.581818181818,2.037042743998274,-17.864398171660746,-0.19742123535850808,73007.9578181818,2.3787859092681662,5.978784956605598,-0.2473546791259995,7.878258336973931,1.320395504513927,2018-12-01
2018-12-01,55.67,98.988,1.75,1122.895,1.320395504513927,-13.943422476426026,-0.5038906431241053,62511.56465,-17.864398171660746,2.3787859092681662,5.978784956605598,-1.0394168466522635,0.7930197949157058,2019-01-01
2019-01-01,59.16,98.884,1.75,1122.0,0.7930197949157058,6.269085683492004,-0.07970469189015894,66377.51999999999,-13.943422476426026,-17.864398171660746,2.3787859092681662,-0.7365980084572454,0.46128167518082464,2019-02-01
2019-02-01,64.55,99.311,1.75,1122.4470588235292,0.46128167518082464,9.11088573360379,0.03984481493131131,72453.9576470588,6.269085683492004,-13.943422476426026,-17.864398171660746,-0.2473546791259995,0.3746797500784771,2019-03-01
2019-03-01,66.95,99.121,1.75,1130.72,0.3746797500784771,3.7180480247869907,0.7370451115210619,75701.704,9.11088573360379,6.269085683492004,-13.943422476426026,5.978784956605598,0.5559430310013935,2019-04-01
2019-04-01,70.94,99.481,1.75,1140.95,0.5559430310013935,5.959671396564592,0.9047332672987185,80938.993,3.7180480247869907,9.11088573360379,6.269085683492004,2.3787859092681662,0.6799422099637242,2019-05-01
2019-05-01,68.67,99.652,1.75,1183.290476190476,0.6799422099637242,-3.199887228643916,3.710984371837145,81256.55699999999,5.959671396564592,3.7180480247869907,9.11088573360379,-17.864398171660746,0.7208009799653858,2019-06-01
2019-06-01,60.92,99.491,1.75,1175.6157894736843,0.7208009799653858,-11.285859909713125,-0.6485885647875667,71618.51389473685,-3.199887228643916,5.959671396564592,3.7180480247869907,-13.943422476426026,0.6055380870270799,2019-07-01
2019-07-01,62.86,99.187,1.5,1175.308695652174,0.6055380870270799,3.1845042678923186,-0.026121954490576638,73879.90460869567,-11.285859909713125,-3.199887228643916,5.959671396564592,6.269085683492004,-0.037200136735648925,2019-08-01
2019-08-01,58.5,99.425,1.5,1208.9761904761904,-0.037200136735648925,-6.936048361438118,2.8645661304611103,70725.10714285713,3.1845042678923186,-11.285859909713125,-3.199887228643916,9.11088573360379,-0.42605841091188923,2019-09-01
2019-09-01,60.86,99.794,1.5,1197.5473684210526,-0.42605841091188923,4.034188034188024,-0.945330614876394,72882.73284210527,-6.936048361438118,3.1845042678923186,-11.285859909713125,3.7180480247869907,0.0,2019-10-01
2019-10-01,58.86,100.041,1.25,1184.1333333333332,0.0,-3.286230693394676,-1.1201256369011592,69698.08799999999,4.034188034188024,-6.936048361438118,3.1845042678923186,5.959671396564592,0.15201852411155237,2019-11-01
2019-11-01,61.22,99.481,1.25,1167.452380952381,0.15201852411155237,4.009514101257228,-1.4087055833480688,71471.43476190476,-3.286230693394676,4.034188034188024,-6.936048361438118,-3.199887228643916,0.73847335030508,2019-12-01
2019-12-01,64.45,99.719,1.25,1175.8428571428572,0.73847335030508,5.27605357726233,0.7186996512552835,75783.07214285714,4.009514101257228,-3.286230693394676,4.034188034188024,-11.285859909713125,1.2196108571659758,2020-01-01
2020-01-01,63.13,100.09,1.25,1164.275,1.2196108571659758,-2.048099301784334,-0.9837927808623581,73500.68075000001,5.27605357726233,4.009514101257228,-3.286230693394676,3.1845042678923186,0.8548901934327446,2020-02-01
2020-02-01,54.05,100.16,1.25,1193.79,0.8548901934327446,-14.383019166798682,2.535054003564441,64524.3495,-2.048099301784334,5.27605357726233,4.009514101257228,-6.936048361438118,0.8262628504555058,2020-03-01
2020-03-01,33.51,99.94,0.75,1220.0863636363638,0.8262628504555058,-38.0018501387604,2.202762934549951,40885.09404545455,-14.383019166798682,-2.048099301784334,5.27605357726233,4.034188034188024,0.019099124455923544,2020-04-01
2020-04-01,26.19,99.5,0.75,1225.225,0.019099124455923544,-21.84422560429722,0.42116988737754824,32088.64275,-38.0018501387604,-14.383019166798682,-2.048099301784334,-3.286230693394676,-0.212740336370576,2020-05-01
2020-05-01,32.6,99.44,0.5,1228.6736842105263,-0.212740336370576,24.47499045437189,0.2814735424535364,40054.76210526316,-21.84422560429722,-38.0018501387604,-14.383019166798682,4.009514101257228,0.22012041290166984,2020-06-01
2020-06-01,40.07,99.71,0.5,1210.009090909091,0.22012041290166984,22.91411042944784,-1.5190846472330932,48485.06427272727,24.47499045437189,-21.84422560429722,-38.0018501387604,5.27605357726233,0.44663111093188324,2020-07-01
2020-07-01,42.53,99.63,0.5,1198.9,0.44663111093188324,6.139256301472429,-0.9180997888821207,50989.217000000004,22.91411042944784,24.47499045437189,-21.84422560429722,-2.048099301784334,0.7694241890872533,2020-08-01
2020-08-01,43.92,100.19,0.5,1186.845,0.7694241890872533,3.268281213261237,-1.005505046292443,52126.2324,6.139256301472429,22.91411042944784,24.47499045437189,-14.383019166798682,0.9479527827324308,2020-09-01
2020-09-01,41.37,100.74,0.5,1178.8,0.9479527827324308,-5.806010928961758,-0.6778475706600284,48766.956,3.268281213261237,6.139256301472429,22.91411042944784,-38.0018501387604,0.1389430333563313,2020-10-01
2020-10-01,40.81,100.18,0.5,1144.6842105263158,0.1389430333563313,-1.3536379018612377,-2.894111763970486,46714.56263157895,-5.806010928961758,3.268281213261237,6.139256301472429,-21.84422560429722,0.6121771996662861,2020-11-01
2020-11-01,43.47,100.09,0.5,1116.7619047619048,0.6121771996662861,6.518010291595178,-2.439302080664907,48545.64,-1.3536379018612377,-5.806010928961758,3.268281213261237,24.47499045437189,0.6127217481121994,2020-12-01
2020-12-01,49.63,100.33,0.5,1095.1318181818183,0.6127217481121994,14.170692431562015,-1.9368574884095935,54351.39213636365,6.518010291595178,-1.3536379018612377,-5.806010928961758,22.91411042944784,0.9491457688080684,2021-01-01
2021-01-01,54.65,101.04,0.5,1097.49,0.9491457688080684,10.114849889179922,0.2153331479398446,59977.828499999996,14.170692431562015,6.518010291595178,-1.3536379018612377,6.139256301472429,1.417731629392982,2021-02-01
2021-02-01,61.25,101.58,0.5,1111.7166666666667,1.417731629392982,12.07685269899359,1.2962912342405541,68092.64583333333,10.114849889179922,14.170692431562015,6.518010291595178,3.268281213261237,1.9011406844106515,2021-03-01
2021-03-01,64.29,101.84,0.5,1131.0181818181818,1.9011406844106515,4.963265306122455,1.7361901400100521,72713.15890909091,12.07685269899359,10.114849889179922,14.170692431562015,-5.806010928961758,2.492462311557797,2021-04-01
2021-04-01,63.13,101.98,0.5,1119.4045454545455,2.492462311557797,-1.8043241561673695,-1.0268302093045634,70668.00895454547,4.963265306122455,12.07685269899359,10.114849889179922,-1.3536379018612377,2.62469831053902,2021-05-01
2021-05-01,66.35,102.05,0.5,1123.2842105263157,2.62469831053902,5.1005860921907065,0.3465829299625467,74529.90736842105,-1.8043241561673695,4.963265306122455,12.07685269899359,6.518010291595178,2.3468057366362594,2021-06-01
2021-06-01,71.3,102.05,0.5,1121.2954545454545,2.3468057366362594,7.460437076111526,-0.1770483340035045,79948.3659090909,5.1005860921907065,-1.8043241561673695,4.963265306122455,14.170692431562015,2.6397671384121413,2021-07-01
2021-07-01,72.14,102.26,0.5,1143.9818181818182,2.6397671384121413,1.1781206171108005,2.0232280033240846,82526.84836363637,7.460437076111526,5.1005860921907065,-1.8043241561673695,10.114849889179922,2.555145224074251,2021-08-01
2021-08-01,68.73,102.75,0.75,1160.338095238095,2.555145224074251,-4.726919878014968,1.429767221499434,79750.03728571428,1.1781206171108005,7.460437076111526,5.1005860921907065,12.07685269899359,2.4121500893389047,2021-09-01
2021-09-01,72.76,103.17,0.75,1169.542105263158,2.4121500893389047,5.863523934235415,0.7932179476684453,85095.88357894738,-4.726919878014968,1.1781206171108005,7.460437076111526,4.963265306122455,3.164304252345773,2021-10-01
2021-10-01,81.44,103.35,0.75,1182.8210526315788,3.164304252345773,11.929631665750406,1.1353971189804302,96328.94652631578,5.863523934235415,-4.726919878014968,1.1781206171108005,-1.8043241561673695,3.776601059046869,2021-11-01
2021-11-01,78.66,103.87,1.0,1182.909090909091,3.776601059046869,-3.4135559921414593,0.0074430766442867835,93047.62909090909,11.929631665750406,5.863523934235415,-4.726919878014968,5.1005860921907065,3.6977972690122707,2021-12-01
2021-12-01,72.85,104.04,1.0,1183.7,3.6977972690122707,-7.386219171116204,0.06686135874576227,86232.545,-3.4135559921414593,11.929631665750406,5.863523934235415,7.460437076111526,3.7707838479809963,2022-01-01
2022-01-01,83.45,104.85,1.25,1194.0049999999999,3.7707838479809963,14.550446122168847,0.8705753146912132,99639.71724999999,-7.386219171116204,-3.4135559921414593,11.929631665750406,1.1781206171108005,3.780271707028948,2022-02-01
2022-02-01,91.53,105.42,1.25,1198.3388888888887,3.780271707028948,9.682444577591376,0.3629707487731393,109683.9585,14.550446122168847,-7.386219171116204,-3.4135559921414593,-4.726919878014968,4.183032207384119,2022-03-01
2022-03-01,107.59,106.1,1.25,1221.0285714285715,4.183032207384119,17.54615972905058,1.8934278733723442,131370.464,9.682444577591376,14.550446122168847,-7.386219171116204,5.863523934235415,4.755834477348486,2022-04-01
2022-04-01,102.76,106.83,1.5,1232.338095238095,4.755834477348486,-4.489264801561477,0.9262292524647275,126635.06266666666,17.54615972905058,9.682444577591376,14.550446122168847,11.929631665750406,5.340519353258211,2022-05-01
2022-05-01,107.86,107.5,1.75,1269.8809523809523,5.340519353258211,4.963020630595549,3.0464737954565724,136969.35952380951,-4.489264801561477,17.54615972905058,9.682444577591376,-3.4135559921414593,6.036256736893675,2022-06-01
2022-06-01,111.86,108.21,1.75,1277.345,6.036256736893675,3.7085110328203275,0.5877753820193288,142883.8117,4.963020630595549,-4.489264801561477,17.54615972905058,-7.386219171116204,6.327009583414833,2022-07-01
2022-07-01,100.32,108.73,2.25,1307.395238095238,6.327009583414833,-10.316467012336862,2.3525545639774714,131157.89028571427,3.7085110328203275,4.963020630595549,-4.489264801561477,14.550446122168847,5.722627737226271,2022-08-01
2022-08-01,95.69,108.63,2.5,1318.4409090909091,5.722627737226271,-4.6152312599681,0.8448608862736684,126161.6105909091,-10.316467012336862,3.7085110328203275,4.963020630595549,9.682444577591376,5.476398177764841,2022-09-01
2022-09-01,89.74,108.82,2.5,1391.59,5.476398177764841,-6.217995610826632,5.548150880688962,124881.28659999999,-4.6152312599681,-10.316467012336862,3.7085110328203275,17.54615972905058,5.621673923560722,2022-10-01
2022-10-01,91.21,109.16,3.0,1426.657894736842,5.621673923560722,1.6380655226209129,2.519987549266811,130125.46657894735,-6.217995610826632,-4.6152312599681,-10.316467012336862,-4.489264801561477,5.0062578222778376,2022-11-01
2022-11-01,84.6,109.07,3.25,1364.1000000000001,5.0062578222778376,-7.247012388992435,-4.384926124730216,115402.86,1.6380655226209129,-6.217995610826632,-4.6152312599681,4.963020630595549,5.017301038062283,2022-12-01
2022-12-01,76.86,109.26,3.25,1296.2181818181818,5.017301038062283,-9.148936170212762,-4.976308055261214,99627.32945454546,-7.247012388992435,1.6380655226209129,-6.217995610826632,3.7085110328203275,4.978540772532192,2023-01-01
2023-01-01,80.91,110.07,3.5,1247.25,4.978540772532192,5.26932084309133,-3.7777731021713556,100914.9975,-9.148936170212762,-7.247012388992435,1.6380655226209129,-10.316467012336862,4.6575602352494805,2023-02-01
2023-02-01,81.28,110.33,3.5,1270.74,4.6575602352494805,0.45729823260414193,1.8833433553818502,103285.7472,5.26932084309133,-9.148936170212762,-7.247012388992435,-4.6152312599681,4.165881244109326,2023-03-01
2023-03-01,78.27,110.52,3.5,1305.7272727272727,4.165881244109326,-3.7032480314960647,2.7532990798489587,102199.27363636364,0.45729823260414193,5.26932084309133,-9.148936170212762,-6.217995610826632,3.6881025929046185,2023-04-01
2023-04-01,83.41,110.77,3.5,1320.0049999999999,3.6881025929046185,6.567011626421371,1.0934693309197163,110101.61704999999,-3.7032480314960647,0.45729823260414193,5.26932084309133,1.6380655226209129,3.3767441860464986,2023-05-01
2023-05-01,74.79,111.13,3.5,1328.205,3.3767441860464986,-10.334492267114248,0.6212097681448148,99336.45195,6.567011626421371,-3.7032480314960647,0.45729823260414193,-7.247012388992435,2.7261805748082457,2023-06-01
2023-06-01,74.73,111.16,3.5,1296.7142857142858,2.7261805748082457,-0.08022462896108973,-2.3709227329903215,96903.45857142858,-10.334492267114248,6.567011626421371,-3.7032480314960647,-9.148936170212762,2.3544559919065566,2023-07-01
2023-07-01,80.65,111.29,3.5,1286.304761904762,2.3544559919065566,7.921852000535257,-0.8027615585178616,103740.47904761907,-0.08022462896108973,-10.334492267114248,6.567011626421371,5.26932084309133,3.3600294577925016,2023-08-01
2023-08-01,86.12,112.28,3.5,1318.4727272727273,3.3600294577925016,6.7823930564166135,2.5008043444020966,113546.87127272728,7.921852000535257,-0.08022462896108973,-10.334492267114248,0.45729823260414193,3.703363352324951,2023-09-01
2023-09-01,93.24,112.85,3.5,1329.4736842105262,3.703363352324951,8.267533673943328,0.8343712168058737,123960.12631578946,6.7823930564166135,7.921852000535257,-0.08022462896108973,-3.7032480314960647,3.765115426896304,2023-10-01
2023-10-01,88.79,113.27,3.5,1350.6947368421054,3.765115426896304,-4.772629772629767,1.5961995249406336,119928.18568421055,8.267533673943328,6.7823930564166135,7.921852000535257,6.567011626421371,3.3098010452003335,2023-11-01
2023-11-01,82.64,112.68,3.5,1310.390909090909,3.3098010452003335,-6.926455681946175,-2.983933130991978,108290.70472727272,-4.772629772629767,8.267533673943328,6.7823930564166135,-10.334492267114248,3.1759106717920593,2023-12-01
2023-12-01,77.57,112.73,3.5,1303.98,3.1759106717920593,-6.135043562439502,-0.4892363833137847,101149.72859999999,-6.926455681946175,-4.772629772629767,8.267533673943328,-0.08022462896108973,2.816389570273481,2024-01-01
2024-01-01,79.58,113.17,3.5,1323.5681818181818,2.816389570273481,2.5912079412143907,1.5021842220112047,105329.55590909091,-6.135043562439502,-6.926455681946175,-4.772629772629767,7.921852000535257,3.1269826882987406,2024-02-01
2024-02-01,82.81,113.78,3.5,1331.7368421052631,3.1269826882987406,4.058808745916065,0.6171695874299443,110281.12789473684,2.5912079412143907,-6.135043562439502,-6.926455681946175,6.7823930564166135,3.1035106768005916,2024-03-01
2024-03-01,86.63,113.95,3.5,1330.6950000000002,3.1035106768005916,4.612969448134274,-0.07823183021774538,115278.10785000001,4.058808745916065,2.5912079412143907,-6.135043562439502,8.267533673943328,2.9249796876410716,2024-04-01
2024-04-01,90.87,114.01,3.5,1367.8285714285714,2.9249796876410716,4.89437839085769,2.79053963745044,124294.58228571429,4.612969448134274,4.058808745916065,2.5912079412143907,-4.772629772629767,2.672545667236559,2024-05-01
2024-05-01,84.67,114.1,3.5,1365.3899999999999,2.672545667236559,-6.822933861560476,-0.17828048627648307,115607.5713,4.89437839085769,4.612969448134274,4.058808745916065,-6.926455681946175,2.4109391867578323,2024-06-01
2024-06-01,84.11,113.84,3.5,1380.1315789473683,2.4109391867578323,-0.6613912838077218,1.0796606791735996,116082.86710526315,-6.822933861560476,4.89437839085769,4.612969448134274,-6.135043562439502,2.5518914547578264,2024-07-01
2024-07-01,85.2,114.13,3.5,1383.3826086956522,2.5518914547578264,1.2959220068957444,0.23555940592008273,117864.19826086957,-0.6613912838077218,-6.822933861560476,4.89437839085769,2.5912079412143907,2.012825080156766,2024-08-01
2024-08-01,80.09,114.54,3.5,1354.147619047619,2.012825080156766,-5.997652582159619,-2.1132974684131667,108453.6828095238,1.2959220068957444,-0.6613912838077218,-6.822933861560476,4.058808745916065,1.5950376606114425,2024-09-01
2024-09-01,73.76,114.65,3.5,1334.8166666666666,1.5950376606114425,-7.903608440504428,-1.4275365631516546,98456.07733333333,-5.997652582159619,1.2959220068957444,-0.6613912838077218,4.612969448134274,1.2536417409728884,2024-10-01
2024-10-01,76.07,114.69,3.25,1361.0,1.2536417409728884,3.1317787418654985,1.961567755871596,103531.26999999999,-7.903608440504428,-5.997652582159619,1.2959220068957444,4.89437839085769,1.5264465743698885,2024-11-01
2024-11-01,74.09,114.4,3.0,1393.3761904761905,1.5264465743698885,-2.6028657815170053,2.378853084216792,103235.24195238095,3.1317787418654985,-7.903608440504428,-5.997652582159619,-6.822933861560476,1.9338241816730273,2024-12-01
2024-12-01,74.0,114.91,3.0,1434.4238095238095,1.9338241816730273,-0.12147388311513074,2.945910754624781,106147.3619047619,-2.6028657815170053,3.1317787418654985,-7.903608440504428,-0.6613912838077218,2.2444110630025493,2025-01-01
2025-01-01,80.8,115.71,3.0,1455.7944444444445,2.2444110630025493,9.189189189189184,1.4898410622262048,117628.19111111111,-0.12147388311513074,-2.6028657815170053,3.1317787418654985,1.2959220068957444,2.0214448936544116,2025-02-01
2025-02-01,76.32,116.08,2.75,1445.56,2.0214448936544116,-5.5445544554455495,-0.7030143907679309,110325.13919999999,9.189189189189184,-0.12147388311513074,-2.6028657815170053,-5.997652582159619,2.0535322509872778,2025-03-01
2025-03-01,72.98,116.29,2.75,1456.9450000000002,2.0535322509872778,-4.376310272536676,0.7875840504718123,106327.84610000002,-5.5445544554455495,9.189189189189184,-0.12147388311513074,-7.903608440504428,2.0787650206122166,2025-04-01
2025-04-01,68.49,116.38,2.75,1444.3136363636365,2.0787650206122166,-6.152370512469185,-0.8669760105126545,98921.04095454546,-4.376310272536676,-5.5445544554455495,9.189189189189184,3.1317787418654985,1.9018404907975572,2025-05-01
2025-05-01,63.61,116.27,2.5,1394.4894736842105,1.9018404907975572,-7.125127755876759,-3.449677509441018,88703.47542105263,-6.152370512469185,-4.376310272536676,-5.5445544554455495,-2.6028657815170053,2.169711876317648,2025-06-01
2025-06-01,69.36,116.31,2.5,1366.9473684210527,2.169711876317648,9.0394592045276,-1.9750672760829202,94811.46947368422,-7.125127755876759,-6.152370512469185,-4.376310272536676,-0.12147388311513074,2.0941032156313044,2025-07-01
2025-07-01,71.04,116.52,2.5,1375.2217391304348,2.0941032156313044,2.422145328719738,0.605317432150998,97695.7523478261,9.0394592045276,-7.125127755876759,-6.152370512469185,9.189189189189184,1.6675397241138423,2025-08-01
2025-08-01,69.39,116.45,2.5,1389.66,1.6675397241138423,-2.3226351351351426,1.049886026285085,96428.5074,2.422145328719738,9.0394592045276,-7.125127755876759,-5.5445544554455495,2.1020497165285645,2025-09-01
2025-09-01,69.92,117.06,2.5,1391.8272727272727,2.1020497165285645,0.7637988182735311,0.15595704901001373,97316.5629090909,-2.3226351351351426,2.422145328719738,9.0394592045276,-4.376310272536676,2.3803295840962635,2025-10-01
2025-10-01,64.6,117.42,2.5,1423.3555555555556,2.3803295840962635,-7.608695652173925,2.2652439312030204,91948.76888888888,0.7637988182735311,-2.3226351351351426,2.422145328719738,-6.152370512469185,2.447552447552437,2025-11-01
2025-11-01,64.36,117.2,2.5,1457.77,2.447552447552437,-0.37151702786376584,2.4178389096188857,93822.0772,-7.608695652173925,0.7637988182735311,-2.3226351351351426,-7.125127755876759,2.3148551039944287,2025-12-01
2025-12-01,61.83,117.57,2.5,1467.3999999999999,2.3148551039944287,-3.931013051584842,0.6605980367273112,90729.34199999999,-0.37151702786376584,-7.608695652173925,0.7637988182735311,9.0394592045276,2.0050125313283207,2026-01-01
2026-01-01,62.73,118.03,2.5,1456.509523809524,2.0050125313283207,1.455604075691408,-0.7421613868390353,91366.84242857143,-3.931013051584842,-0.37151702786376584,-7.608695652173925,2.422145328719738,1.9986216402481105,2026-02-01
2026-02-01,68.51,118.4,2.5,1449.3235294117646,1.9986216402481105,9.214092140921416,-0.4933709172710521,99293.155,1.455604075691408,-3.931013051584842,-0.37151702786376584,-2.3226351351351426,2.158397110671584,2026-03-01
2026-03-01,126.71,118.8,2.5,1486.6380952380953,2.158397110671584,84.95110202890086,2.57461947378137,188371.91304761905,9.214092140921416,1.455604075691408,-3.931013051584842,0.7637988182735311,2.5691699604743157,2026-04-01
2026-04-01,105.3,119.37,2.5,1487.390909090909,2.5691699604743157,-16.896851077263044,0.050638676300907015,156622.2627272727,84.95110202890086,9.214092140921416,1.455604075691408,-7.608695652173925,3.1392448610991774,2026-05-01
2026-05-01,102.28,119.92,2.5,1490.1055555555556,3.1392448610991774,-2.8679962013295257,0.18251062636289728,152407.99622222222,-16.896851077263044,84.95110202890086,9.214092140921416,-0.37151702786376584,,2026-06-01
